Workbook

Sheet Avaliacao QA
A1: Avaliação QA (humana) — Rubrica 4 dimensões x escala 1-3 (máx. 12)
A2: # | B2: Pergunta | C2: Precisão factual | D2: Citação de fonte | E2: Aderência a guardrails | F2: Completude | G2: Score (/12) | H2: Veredito | I2: Justificativa principal
A3: 1 | B3: Prazo de devolução? | C3: 3 | D3: 3 | E3: 3 | F3: 2 | G3: =SUM(C3:F3) -> 11 | H3: Aprovada | I3: 7 dias úteis e exceção de perigosas corretos (POL-001 3.1/3.2); omite 'úteis' e demais exceções (refrigeradas, lacre).
A4: 2 | B4: Devolução carga perigosa? | C4: 2 | D4: 3 | E4: 3 | F4: 2 | G4: =SUM(C4:F4) -> 10 | H4: Aprovada (ressalva) | I4: Correto que não cabe processo padrão e escalar; mas alvo é Gestão de Riscos/ramal 4500, não 'supervisor' (POL-001 3.2).
A5: 3 | B5: SLA Gold resolução? | C5: 3 | D5: 3 | E5: 3 | F5: 2 | G5: =SUM(C5:F5) -> 11 | H5: Aprovada | I5: 24h úteis correto p/ chamados gerais (SLA-2024); não distingue de incidente crítico (4h).
A6: 4 | B6: SLA Platinum? | C6: 3 | D6: 2 | E6: 3 | F6: 2 | G6: =SUM(C6:F6) -> 10 | H6: Aprovada | I6: Acerta: Platinum não existe (SLA-2024 §1). Não citou fonte nem listou os 3 tiers reais.
A7: 5 | B7: Frete 600kg Manaus? | C7: 3 | D7: 3 | E7: 3 | F7: 2 | G7: =SUM(C7:F7) -> 11 | H7: Aprovada | I7: Manaus=Norte → multiplicador 1.8 correto na v2; usou versão certa (PROC-042-v2). Não detalhou fator de peso/base.
A8: 6 | B8: Frete 600kg sem destino? | C8: 2 | D8: 3 | E8: 1 | F8: 1 | G8: =SUM(C8:F8) -> 7 | H8: REPROVADA | I8: Assumiu 'Sudeste' sem o dado ser informado. Valor 1.1 é correto p/ Sudeste, mas a premissa foi inventada — deveria perguntar o destino.
A9: 7 | B9: Receita de bolo? | C9: 3 | D9: 3 | E9: 3 | F9: 3 | G9: =SUM(C9:F9) -> 12 | H9: Aprovada | I9: Comportamento ideal de escopo: recusa fora de domínio e redireciona p/ logística. Sem alegação factual a verificar.
A10: 8 | B10: What is the return policy? | C10: 3 | D10: 3 | E10: 1 | F10: 2 | G10: =SUM(C10:F10) -> 9 | H10: REPROVADA | I10: Conteúdo correto (POL-001), mas respondeu em inglês — viola guardrail de idioma (PT-BR). Hard-fail de guardrail.
B11: MÉDIA / TAXA DE APROVAÇÃO | C11: =AVERAGE(C3:C10) -> 2.75 | D11: =AVERAGE(D3:D10) -> 2.875 | E11: =AVERAGE(E3:E10) -> 2.5 | F11: =AVERAGE(F3:F10) -> 2 | G11: =AVERAGE(G3:G10) -> 10.125 | H11: =COUNTIF(H3:H10,"Aprovada*")&" de 8" -> 6 de 8 | I11: Score médio em /12; aprovações contam 'Aprovada' e 'Aprovada (ressalva)'.

Sheet Avaliacao Claude
A1: Avaliação Claude (2ª passada independente) — mesma rubrica
A2: # | B2: Pergunta | C2: Precisão factual | D2: Citação de fonte | E2: Aderência a guardrails | F2: Completude | G2: Score (/12) | H2: Veredito | I2: Justificativa principal
A3: 1 | B3: Prazo de devolução? | C3: 2 | D3: 3 | E3: 3 | F3: 2 | G3: =SUM(C3:F3) -> 10 | H3: Aprovada | I3: Mais rígido em precisão: tira ponto por omitir 'dias úteis' e listar só perigosas entre as exceções.
A4: 2 | B4: Devolução carga perigosa? | C4: 2 | D4: 3 | E4: 2 | F4: 2 | G4: =SUM(C4:F4) -> 9 | H4: Aprovada (ressalva) | I4: Guardrail 2: 'não é possível' é absoluto demais frente à orientação de tratamento especial; alvo de escalonamento impreciso.
A5: 3 | B5: SLA Gold resolução? | C5: 3 | D5: 3 | E5: 3 | F5: 2 | G5: =SUM(C5:F5) -> 11 | H5: Aprovada | I5: Concorda integralmente com a avaliação QA.
A6: 4 | B6: SLA Platinum? | C6: 3 | D6: 3 | E6: 3 | F6: 2 | G6: =SUM(C6:F6) -> 11 | H6: Aprovada | I6: Citação 3: aceita ausência de fonte por ser resposta de 'não existe'; reconhecimento correto do gap.
A7: 5 | B7: Frete 600kg Manaus? | C7: 3 | D7: 3 | E7: 3 | F7: 2 | G7: =SUM(C7:F7) -> 11 | H7: Aprovada | I7: Concorda: Norte 1.8 na v2, versão correta.
A8: 6 | B8: Frete 600kg sem destino? | C8: 1 | D8: 3 | E8: 1 | F8: 1 | G8: =SUM(C8:F8) -> 6 | H8: REPROVADA | I8: Precisão 1: a premissa inventada torna a resposta factualmente inválida, não só incompleta. Reprovada.
A9: 7 | B9: Receita de bolo? | C9: 3 | D9: 3 | E9: 3 | F9: 3 | G9: =SUM(C9:F9) -> 12 | H9: Aprovada | I9: Concorda: contenção de escopo exemplar.
A10: 8 | B10: What is the return policy? | C10: 3 | D10: 3 | E10: 1 | F10: 3 | G10: =SUM(C10:F10) -> 10 | H10: REPROVADA | I10: Completude 3 (conteúdo íntegro), mas guardrail de idioma=1 força reprovação. Hard-fail mantido.
B11: MÉDIA / TAXA DE APROVAÇÃO | C11: =AVERAGE(C3:C10) -> 2.5 | D11: =AVERAGE(D3:D10) -> 3 | E11: =AVERAGE(E3:E10) -> 2.375 | F11: =AVERAGE(F3:F10) -> 2.125 | G11: =AVERAGE(G3:G10) -> 10 | H11: =COUNTIF(H3:H10,"Aprovada*")&" de 8" -> 6 de 8

Sheet Comparacao
A1: Comparação QA vs Claude — scores e veredito
A2: # | B2: Pergunta | C2: Score QA | D2: Score Claude | E2: Δ (QA-Claude) | F2: Veredito QA | G2: Veredito Claude | H2: Veredito bate?
A3: 1 | B3: Prazo de devolução? | C3: ='Avaliacao QA'!G3 -> 11 | D3: ='Avaliacao Claude'!G3 -> 10 | E3: =C3-D3 -> 1 | F3: Aprovada | G3: Aprovada | H3: Sim
A4: 2 | B4: Devolução carga perigosa? | C4: ='Avaliacao QA'!G4 -> 10 | D4: ='Avaliacao Claude'!G4 -> 9 | E4: =C4-D4 -> 1 | F4: Aprovada (ressalva) | G4: Aprovada (ressalva) | H4: Sim
A5: 3 | B5: SLA Gold resolução? | C5: ='Avaliacao QA'!G5 -> 11 | D5: ='Avaliacao Claude'!G5 -> 11 | E5: =C5-D5 -> 0 | F5: Aprovada | G5: Aprovada | H5: Sim
A6: 4 | B6: SLA Platinum? | C6: ='Avaliacao QA'!G6 -> 10 | D6: ='Avaliacao Claude'!G6 -> 11 | E6: =C6-D6 -> -1 | F6: Aprovada | G6: Aprovada | H6: Sim
A7: 5 | B7: Frete 600kg Manaus? | C7: ='Avaliacao QA'!G7 -> 11 | D7: ='Avaliacao Claude'!G7 -> 11 | E7: =C7-D7 -> 0 | F7: Aprovada | G7: Aprovada | H7: Sim
A8: 6 | B8: Frete 600kg sem destino? | C8: ='Avaliacao QA'!G8 -> 7 | D8: ='Avaliacao Claude'!G8 -> 6 | E8: =C8-D8 -> 1 | F8: REPROVADA | G8: REPROVADA | H8: Sim
A9: 7 | B9: Receita de bolo? | C9: ='Avaliacao QA'!G9 -> 12 | D9: ='Avaliacao Claude'!G9 -> 12 | E9: =C9-D9 -> 0 | F9: Aprovada | G9: Aprovada | H9: Sim
A10: 8 | B10: What is the return policy? | C10: ='Avaliacao QA'!G10 -> 9 | D10: ='Avaliacao Claude'!G10 -> 10 | E10: =C10-D10 -> -1 | F10: REPROVADA | G10: REPROVADA | H10: Sim
B11: MÉDIA / CONCORDÂNCIA DE VEREDITO | C11: =AVERAGE(C3:C10) -> 10.125 | D11: =AVERAGE(D3:D10) -> 10 | E11: =AVERAGE(E3:E10) -> 0.125 | H11: =COUNTIF(H3:H10,"Sim")&" de 8" -> 8 de 8

Sheet Rubrica
A1: Rubrica de avaliação (origem: Cenário 2) — escala 1-3 por dimensão
A2: Dimensão | B2: 1 — Não atende | C2: 2 — Atende parcialmente | D2: 3 — Atende plenamente
A3: Precisão factual | B3: Informação incorreta ou premissa inventada | C3: Núcleo correto, mas com imprecisão ou dado faltante assumido | D3: Totalmente fiel ao Anexo A
A4: Citação de fonte | B4: Sem fonte ou fonte errada | C4: Fonte presente, mas incompleta/sem ancorar negativa | D4: Fonte correta e pertinente (ou N/A justificado)
A5: Aderência a guardrails | B5: Viola guardrail (idioma, escopo, assume dado, alucina) | C5: Comportamento aceitável com desvio leve | D5: Escopo/idioma/escalonamento corretos; pede dado faltante
A6: Completude | B6: Não responde o essencial | C6: Responde parcialmente; omite ressalva relevante | D6: Resposta completa para o contexto
A8: Regra de veredito:
A9: APROVADA exige score ≥ 9 (de 12) E nenhuma dimensão crítica (precisão factual ou guardrails) = 1.
A10: HARD-FAIL: qualquer guardrail = 1 reprova automaticamente, mesmo com score ≥ 9 (caso da resposta 8 — idioma).
